location,loss,acc,auc
FL,0.23188262440551916,0.9443066516347238,0.8594732983949497
client_1 centralized,0.8565358043254564,0.06324689966178129,0.8118736657564151
client_4 centralized,0.4310675735034158,0.8160090191657272,0.9041951160490235
client_3 centralized,0.2406728123781915,0.9177001127395716,0.9131363045333014
client_0 centralized,0.9254886915491181,0.9367531003382187,0.589320494989755
client_2 centralized,0.15683213642629318,0.9496054114994363,0.9065620274302568
server centralized,0.1315234760152178,0.9569334836527621,0.9106365989759616
