round,train_loss,test_loss,test_accuracy
1,0.1077727891745871,0.09575668057150655,0.9707524846190251
2,0.1014837117467946,0.09583514143815673,0.9699952673923332
3,0.10444003222544986,0.09542127067516255,0.970941788925698
4,0.10278272126915065,0.09805997807262029,0.9700899195456697
5,0.09931823680586868,0.10022039302665622,0.9690487458589683
6,0.09824017361989146,0.09846072385380673,0.9700899195456697
7,0.10285707523557223,0.09796396668989116,0.9688594415522953
