location,loss,acc,auc
FL,0.1627550261378658,0.9525366403607667,0.8915990842994164
client_1 centralized,0.29999199482741457,0.8941375422773393,0.8971899550966899
client_4 centralized,0.16549354686392334,0.9489289740698985,0.9024573143954678
client_3 centralized,0.1673888417954106,0.949718151071026,0.9096439678728196
client_0 centralized,0.26982525543072455,0.9367531003382187,0.8847684436415295
client_2 centralized,0.1495415762043742,0.9517474633596392,0.9065346748334012
server centralized,0.1315234760152178,0.9569334836527621,0.9106365989759616
