location,loss,acc,auc
FL,0.15450034028185866,0.9537767756482526,0.8998869211466466
client_2 centralized,0.17029299028091796,0.9480270574971815,0.9023305270641611
client_3 centralized,0.23016011659160945,0.9162344983089065,0.9020509942508059
client_0 centralized,0.21195576017813836,0.9414881623449831,0.8878618614482633
client_1 centralized,0.13349982357973478,0.9564825253664037,0.9077570677501299
client_4 centralized,0.1393578659022792,0.9547914317925592,0.90570047426185
server centralized,0.1315234760152178,0.9569334836527621,0.9106365989759616
